relRowChunk_0(L1BS),relRowChunk_1(L1BS),relRowChunk_2(L1BS),relRowChunk_3(L1BS),relRowChunk_4(L1BS),relRowChunk_0(L1PA),relRowChunk_1(L1PA),relRowChunk_2(L1PA),relRowChunk_3(L1PA),relRowChunk_4(L1PA),L1PA_shiftCtrl
4,5,6,7,8,5,6,7,8,4,4
4,5,6,7,8,5,6,7,8,4,4
4,5,6,7,8,5,6,7,8,4,4
4,5,6,7,8,5,6,7,8,4,4
4,5,6,7,8,5,6,7,8,4,4
4,5,6,7,8,5,6,7,8,4,4
4,5,6,7,8,5,6,7,8,4,4
4,5,6,7,8,5,6,7,8,4,4
4,5,6,7,8,5,6,7,8,4,4
4,5,6,7,8,5,6,7,8,4,4
4,5,6,7,8,5,6,7,8,4,4
4,5,6,7,8,5,6,7,8,4,4
4,5,6,7,8,5,6,7,8,4,4
4,5,6,7,8,5,6,7,8,4,4
4,5,6,7,8,5,6,7,8,4,4
4,5,6,7,8,5,6,7,8,4,4
4,5,6,7,8,5,6,7,8,4,4
4,5,6,7,8,5,6,7,8,4,4
4,5,6,7,8,5,6,7,8,4,4
4,5,6,7,8,5,6,7,8,4,4
4,5,6,7,8,5,6,7,8,4,4
4,5,6,7,8,5,6,7,8,4,4
4,5,6,7,8,5,6,7,8,4,4
4,5,6,7,8,5,6,7,8,4,4
4,5,6,7,8,5,6,7,8,4,4
4,5,6,7,8,5,6,7,8,4,4
4,5,6,7,8,5,6,7,8,4,4
4,5,6,7,8,5,6,7,8,4,4
4,5,6,7,8,5,6,7,8,4,4
4,5,6,7,8,5,6,7,8,4,4
4,5,6,7,8,5,6,7,8,4,4
4,5,6,7,8,5,6,7,8,4,4
4,5,6,7,8,5,6,7,8,4,4
4,5,6,7,8,5,6,7,8,4,4
4,5,6,7,8,5,6,7,8,4,4
4,5,6,7,8,5,6,7,8,4,4
4,5,6,7,8,5,6,7,8,4,4
4,5,6,7,8,5,6,7,8,4,4
3,4,5,6,7,5,6,7,3,4,3
3,4,5,6,7,5,6,7,3,4,3
3,4,5,6,7,5,6,7,3,4,3
3,4,5,6,7,5,6,7,3,4,3
3,4,5,6,7,5,6,7,3,4,3
3,4,5,6,7,5,6,7,3,4,3
3,4,5,6,7,5,6,7,3,4,3
3,4,5,6,7,5,6,7,3,4,3
3,4,5,6,7,5,6,7,3,4,3
3,4,5,6,7,5,6,7,3,4,3
3,4,5,6,7,5,6,7,3,4,3
3,4,5,6,7,5,6,7,3,4,3
3,4,5,6,7,5,6,7,3,4,3
